[
    {"series": 1, "styleClass": "ferris framed", "index": 17, "name": "thing1-1.jpg", "height": 120, "title": "thing 1", "description": "Acrylic, Glitter, India ink , Laquer on Canvas (2015)", "workAssetUrl": null},
    {"series": 1, "styleClass": "tehran framed", "index": 6, "name": "thing3-1.jpg", "height": 145, "title": "thing 3", "description": "Acrylic, Steel wire  on Canvas (2012)", "workAssetUrl": null},
    {"series": 1, "styleClass": "ross", "index": 61, "name": "thing4-1.jpg", "height": 158, "title": "thing 4", "description": "Acrylic, Latex, Laquer, Metal shavings on Canvas (2012)", "workAssetUrl": null},
    {"series": 1, "styleClass": "tehran framed", "index": 5, "name": "thing5-1.jpg", "height": 110, "title": "thing 5", "description": "Acrylic on Canvas (2012)", "workAssetUrl": null},
    {"series": 1, "styleClass": "vGogh", "index": 3, "name": "thing6-1.jpg", "height": 175, "title": "thing 6", "description": "Acrylic on Canvas (2017)", "workAssetUrl": null},
    {"series": 1, "styleClass": "ferris framed", "index": 1, "name": "thing7-1.jpg", "height": 120, "title": "thing 7", "description": "Acrylic, Glitter, India ink , Laquer on Canvas (2015)", "workAssetUrl": null},
    {"series": 1, "styleClass": "sjeljik framed", "index": 81, "name": "thing9-1.jpg", "height": 208, "title": "thing 9", "description": "Acrylic on Canvas (2012)", "workAssetUrl": null},
    {"series": 1, "styleClass": "dutch framed", "index": 6, "name": "thing11-1.jpg", "height": 200, "title": "thing 11", "description": "Acrylic on Canvas (2012)", "workAssetUrl": null},
    {"series": 1, "styleClass": "little framed", "index": 111, "name": "thing12-1.jpg", "height": 175, "title": "thing 12", "description": "Acrylic on Canvas (2013)", "workAssetUrl": null},
    {"series": 1, "styleClass": "rothk framed", "index": 161, "name": "thing17-1.jpg", "height": 210, "title": "thing 17", "description": "Acrylic on Canvas (2013)", "workAssetUrl": null},
    {"series": 2, "styleClass": "rothOr framed", "index": 0, "name": "thing2-1.png", "height": 322, "title": "thing 2", "description": "Acrylic on Canvas (2017)", "workAssetUrl": null},
    {"series": 2, "styleClass": "rothOr framed", "index": 3, "name": "thing8-1.jpg", "height": 322, "title": "thing 8", "description": "Acrylic, Charcoal pencil on Canvas (2012)", "workAssetUrl": null},
    {"series": 2, "styleClass": "rothk", "index": 2, "name": "thing13-1.jpg", "height": 150, "title": "thing 13", "description": "Acrylic on Canvas (2017)", "workAssetUrl": null},
    {"series": 2, "styleClass": "big", "index": 131, "name": "thing14-1.jpg", "height": 220, "title": "thing 14", "description": "Acrylic on Canvas (2011-2017)", "workAssetUrl": null},
    {"series": 2, "styleClass": "ross", "index": 89, "name": "IMG_1031.JPG", "height": 90, "title": "thing 89", "description": "Acrylic on Canvas (2018)", "workAssetUrl": null},
    {"series": 2, "styleClass": "rothk", "index": 90, "name": "IMG_1032 1.JPG", "height": 120, "title": "thing 90", "description": "Acrylic on Canvas (2018)", "workAssetUrl": null},
    {"series": 2, "styleClass": "rothk", "index": 91, "name": "IMG_1033.JPG", "height": 150, "title": "thing 91", "description": "Acrylic on Canvas (2018)", "workAssetUrl": null},
    {"series": 2, "styleClass": "ferris framed", "index": 92, "name": "thing7-1.2.jpg", "height": 125, "title": "thing 92", "description": "Acrylic on Canvas (2018)", "workAssetUrl": null},
    {"series": 2, "styleClass": "big", "index": 13, "name": "thing15-1.jpg", "height": 200, "title": "thing 15", "description": "Mixed Media on Canvas (2011)", "workAssetUrl": null},
    {"series": 2, "styleClass": "ferris framed", "index": 1, "name": "thing16-1.jpg", "height": 110, "title": "thing 16", "description": "Acrylic on Canvas (2016)", "workAssetUrl": null},
    {"series": 2, "styleClass": "rothGd framed", "index": 1.2, "name": "thing18-1.jpg", "height": 250, "title": "thing 18", "description": "Acrylic on Canvas (2017)", "workAssetUrl": null},
    {"series": 2, "styleClass": "rothGd framed", "index": 1.3, "name": "thing19-1.jpg", "height": 250, "title": "thing 19", "description": "Acrylic, Catfood, Coffee grounds, Cereal on Canvas (2012)", "workAssetUrl": null},
    {"series": 2, "styleClass": "rothGd framed", "index": 1.1, "name": "thing20-1.jpg", "height": 250, "title": "thing 20", "description": "Acrylic, Latex on Canvas (2013)", "workAssetUrl": null},
    {"series": 2, "styleClass": "big", "index": 41, "name": "lazDust.jpg", "height": 300, "title": "logo", "description": "Digital media (2017)", "workAssetUrl": null},
    {"series": 2, "styleClass": "vGogh", "index": 2, "name": "IMG_1022.JPG", "height": 220, "title": "thing 1022", "description": "Acrylic on Canvas (2017)", "workAssetUrl": null},
    {"series": 2, "styleClass": "big", "index": 111, "name": "IMG_1024.JPG", "height": 200, "title": "thing 1024", "description": "Acrylic on Canvas (2011-2017)", "workAssetUrl": null},
    {"series": 2, "styleClass": "sjeljik framed", "index": 113, "name": "IMG_1023.JPG", "height": 208, "title": "thing 1023", "description": "Mixed Media on Canvas (2011)", "workAssetUrl": null},
    {"series": 2, "styleClass": "ferris framed", "index": 114, "name": "IMG_1021.JPG", "height": 110, "title": "thing 1021", "description": "Acrylic on Canvas (2016)", "workAssetUrl": null},
    {"series": 2, "styleClass": "tehran framed", "index": 115, "name": "IMG_1025.JPG", "height": 145, "title": "thing 1025", "description": "Acrylic on Canvas (2017)", "workAssetUrl": null},
    {"series": 2, "styleClass": "ferris framed", "index": 116, "name": "IMG_1027.JPG", "height": 110, "title": "thing 1027", "description": "Acrylic, Catfood, Coffee grounds, Cereal on Canvas (2012)", "workAssetUrl": null},
    {"series": 2, "styleClass": "big framed", "index": 117, "name": "IMG_1019.JPG", "height": 290, "title": "thing 1019", "description": "Acrylic, Latex on Canvas (2013)", "workAssetUrl": null},
    {"series": 2, "styleClass": "harris", "index": 118, "name": "myLadies.jpg", "height": 165, "title": "my ladies", "description": "Digital media (2017)", "workAssetUrl": null},
    {"series": 2, "styleClass": "big framed", "index": 18.12, "name": "JESSP2018.JPG", "height": 300, "title": "Transistioning", "description": "Acrylic as Heck", "workAssetUrl": null}


  ]
